<!-- Generated from app.yaml. Do not edit. -->
<appengine-web-app xmlns='http://appengine.google.com/ns/1.0'>
  <application>tobinqscriptbackend</application>
  <version>2014-04-11</version>
  <threadsafe>true</threadsafe>  
  <static-files>
  </static-files>
  <resource-files>
  </resource-files>
  <ssl-enabled>true</ssl-enabled>
  <precompilation-enabled>true</precompilation-enabled>
  <sessions-enabled>false</sessions-enabled>
  <admin-console>
    <page name='jsonengine Admin' url='/_admin/'/>
    <page name='TobinQ Codes Admin ' url='/_admin/codes.jsp'/>
  </admin-console>
</appengine-web-app>
